,full_name,selected
0,Aaron_Cresswell,103396.0
1,Aaron_Lennon,15138.0
2,Aaron_Ramsey,60423.0
3,Abdoulaye_Doucouré,108189.0
4,Abel_Hernández,0.0
5,Adama_Diomande,0.0
6,Adam_Clayton,0.0
7,Adam_Federici,0.0
8,Adam_Forshaw,0.0
9,Adam_Lallana,73838.0
10,Adam_Smith,21187.0
11,Adlène_Guédioura,0.0
12,Adnan_Januzaj,0.0
13,Adrián,26929.0
14,Ahmed_Elmohamady,0.0
15,Ahmed_Musa,0.0
16,Alberto_Moreno,22078.0
17,Aleksandar_Kolarov,0.0
18,Alexis_Sánchez,474589.0
19,Alex_Iwobi,35746.0
20,Alex_McCarthy,31997.0
21,Alex_Oxlade-Chamberlain,2117.0
22,Alex_Pritchard,3968.0
23,Allan-Roméo_Nyom,0.0
24,Ander_Herrera,9519.0
25,Andreas_Pereira,30210.0
26,Andrew_Robertson,720845.0
27,Andrew_Surman,17574.0
28,Andre_Gray,30395.0
29,Andros_Townsend,115533.0
30,André_Ayew,0.0
31,Andy_Carroll,2216.0
32,Andy_King,0.0
33,Angelo_Ogbonna,47740.0
34,Angel_Rangel,0.0
35,Anthony_Martial,46847.0
36,Antonio_Barragán,0.0
37,Antonio_Valencia,41761.0
38,Arouna_Koné,0.0
39,Arthur_Masuaku,113838.0
40,Artur_Boruc,340702.0
41,Ashley_Barnes,48750.0
42,Ashley_Williams,7642.0
43,Ashley_Young,101792.0
44,Asmir_Begović,220212.0
45,Bacary_Sagna,0.0
46,Bakary_Sako,1455.0
47,Dele_Alli,175864.0
48,Benik_Afobe,0.0
49,Ben_Chilwell,16126.0
50,Ben_Davies,428966.0
51,Ben_Foster,232427.0
52,Ben_Gibson,17262.0
53,Ben_Mee,226034.0
54,Ben_Watson,0.0
55,Bernardo_Espinosa Zúñiga,0.0
56,Billy_Jones,0.0
57,Boaz_Myhill,0.0
58,Bojan_Krkic,0.0
59,Borja_Bastón,0.0
60,Bradley_Guzan,0.0
61,Bradley_Smith,0.0
62,Branislav_Ivanovic,0.0
63,Brendan_Galloway,0.0
64,Bryan_Oviedo,0.0
65,Callum_Wilson,147186.0
66,Calum_Chambers,91508.0
67,Carl_Jenkinson,0.0
68,Cesc_Fàbregas,67338.0
69,Charlie_Adam,0.0
70,Charlie_Austin,85810.0
71,Charlie_Daniels,834188.0
72,Cheikhou_Kouyaté,27371.0
73,Christian_Benteke,54689.0
74,Christian_Eriksen,840208.0
75,Christian_Fuchs,46271.0
76,Christian_Kabasele,34071.0
77,Chris_Brunt,0.0
78,Chris_Smalling,165459.0
79,Chung-yong_Lee,0.0
80,Claudio_Yacob,0.0
81,Connor_Wickham,9466.0
82,Costel_Pantilimon,0.0
83,Craig_Cathcart,4273.0
84,Craig_Dawson,0.0
85,Craig_Gardner,0.0
86,Cristhian_Stuani,0.0
87,Cuco_Martina,9177.0
88,Curtis_Davies,0.0
89,Cédric_Soares,398975.0
90,César_Azpilicueta,745918.0
91,Daley_Blind,868.0
92,Damien_Delaney,0.0
93,Daniel_Amartey,11148.0
94,Daniel_Ayala,0.0
95,Daniel_Drinkwater,9829.0
96,Daniel_Sturridge,47395.0
97,Danny_Ings,82610.0
98,Danny_Rose,69060.0
99,Danny_Simpson,20221.0
100,Danny_Welbeck,28663.0
101,Dan_Gosling,5035.0
102,Darren_Fletcher,0.0
103,Darren_Randolph,0.0
104,Darron_Gibson,0.0
105,David_de Gea,0.0
106,David_Meyler,0.0
107,David_Nugent,0.0
108,David_Ospina,0.0
109,David_Silva,234240.0
110,DeAndre_Yedlin,81314.0
111,Dean_Marney,0.0
112,Dejan_Lovren,347393.0
113,Demarai_Gray,44794.0
114,Diafra_Sakho,0.0
115,Diego_Da Silva Costa,0.0
116,Dimitri_Payet,0.0
117,Divock_Origi,0.0
118,Donald_Love,0.0
119,Duncan_Watmore,0.0
120,Dusan_Tadic,0.0
121,Eden_Hazard,480326.0
122,Eldin_Jakupovic,6756.0
123,Eliaquim_Mangala,0.0
124,Emerson_Hyndman,3650.0
125,Emilio_Nsue Lopez,0.0
126,Emre_Can,0.0
127,Enner_Valencia,0.0
128,Eric_Bailly,133757.0
129,Eric_Dier,109552.0
130,Érik_Lamela,4017.0
131,Erik_Pieters,0.0
132,Étienne_Capoue,14003.0
133,Fabian_Delph,18028.0
134,Fabio_Borini,0.0
135,Federico_Fernández,10427.0
136,Fernando Francisco_Reges,0.0
137,Fernando_Llorente,15635.0
138,Fernandinho,328372.0
139,Fraizer_Campbell,0.0
140,Francis_Coquelin,0.0
141,Fraser_Forster,65137.0
142,Gabriel Armando_de Abreu,0.0
143,Gareth_Barry,0.0
144,Gareth_McAuley,0.0
145,Gary_Cahill,65491.0
146,Gastón_Ramírez,0.0
147,Gaël_Clichy,0.0
148,Geoff_Cameron,0.0
149,George_Boyd,0.0
150,George_Friend,0.0
151,Georginio_Wijnaldum,32164.0
152,Gerard_Deulofeu,19281.0
153,Giannelli_Imbula,0.0
154,Glenn_Whelan,0.0
155,Glen_Johnson,0.0
156,Gnegneri Yaya_Touré,0.0
157,Granit_Xhaka,220405.0
158,Grant_Leadbitter,0.0
159,Gylfi_Sigurdsson,106177.0
160,Gökhan_Töre,0.0
161,Harrison_Reed,0.0
162,Harry_Arter,14476.0
163,Harry_Kane,1430959.0
164,Harry_Maguire,759622.0
165,Harry_Winks,646.0
166,Henrikh_Mkhitaryan,644446.0
167,Heung-Min_Son,374626.0
168,Heurelho_Gomes,22758.0
169,Hugo_Lloris,380621.0
170,Håvard_Nordtveit,0.0
171,Héctor_Bellerín,727046.0
172,Ibrahim_Afellay,0.0
173,Idrissa_Gueye,28400.0
174,lkay_Gündogan,65757.0
175,Isaac_Success,0.0
176,Jack_Butland,0.0
177,Jack_Cork,59543.0
178,Jack_Rodwell,0.0
179,Jack_Stephens,10138.0
180,Jack_Wilshere,239569.0
181,Jake_Livermore,0.0
182,James_Collins,0.0
183,James_McArthur,85461.0
184,James_McCarthy,1234.0
185,James_McClean,0.0
186,James_Milner,14696.0
187,James_Morrison,0.0
188,James_Tarkowski,461762.0
189,James_Tomkins,428025.0
190,James_Ward-Prowse,27127.0
191,Jamie_Vardy,242752.0
192,Jan_Kirchhoff,0.0
193,Jan_Vertonghen,414376.0
194,Jarrod_Bowen,0.0
195,Jason_Denayer,0.0
196,Jason_Puncheon,40154.0
197,Jay_Fulton,0.0
198,Jay_Rodriguez,0.0
199,Jefferson_Montero,0.0
200,Jeffrey_Schlupp,29820.0
201,Jermain_Defoe,42370.0
202,Jerome_Sinclair,9283.0
203,Jesse_Lingard,283400.0
204,Jesús_Navas,0.0
205,Joël_Matip,3630.0
206,Joel_Robles,0.0
207,Joel_Ward,20760.0
208,Joe_Allen,0.0
209,Joe_Hart,195781.0
210,Joe_Ledley,0.0
211,Johann_Gudmundsson,98144.0
212,John_O'Shea,0.0
213,John_Stones,415001.0
214,John_Terry,0.0
215,Jonas_Olsson,0.0
216,Jonathan_Leko,0.0
217,Jonathan_Walters,3473.0
218,Jonny_Evans,17835.0
219,Jon_Flanagan,0.0
220,Jordan_Henderson,61150.0
221,Jordan_Pickford,985344.0
222,Jordan_Rhodes,0.0
223,Jordi_Amat,0.0
224,Jordon_Ibe,28714.0
225,Jordon_Mutch,0.0
226,Jordy_Clasie,0.0
227,Joselu,89238.0
228,Joe_Gomez,13273.0
229,Jose_Fonte,0.0
230,Joshua_King,380719.0
231,Joshua_Onomah,0.0
232,Josh_Cullen,0.0
233,Josh_Tymon,0.0
234,José_Holebas,24697.0
235,Juan_Mata,97791.0
236,Juan_Zuñiga,0.0
237,Julian_Speroni,727239.0
238,Junior_Stanislas,2359.0
239,Jérémy_Pied,0.0
240,Kasper_Schmeichel,230133.0
241,Kelechi_Iheanacho,47721.0
242,Kevin_De Bruyne,1288634.0
243,Kevin_Mirallas,1626.0
244,Kevin_Stewart,0.0
245,Kevin_Wimmer,0.0
246,Kieran_Gibbs,0.0
247,Kieran_Trippier,1217102.0
248,Kristoffer_Nordfeldt,0.0
249,Kurt_Zouma,0.0
250,Kyle_Naughton,0.0
251,Kyle_Walker,545462.0
252,Lamine_Koné,0.0
253,Laurent_Koscielny,6155.0
254,Lazar_Marković,0.0
255,Lee_Cattermole,0.0
256,Leighton_Baines,84579.0
257,Leiva_Lucas,0.0
258,Leonardo_Ulloa,0.0
259,Leon_Britton,0.0
260,Leroy_Fer,0.0
261,Leroy_Sané,663136.0
262,Lewis_Cook,16680.0
263,Loris_Karius,10305.0
264,Loïc_Remy,0.0
265,Luis_Hernández,0.0
266,Łukasz_Fabiański,911117.0
267,Luke_Shaw,162866.0
268,Lynden_Gooch,0.0
269,Lys_Mousset,11984.0
270,Maarten_Stekelenburg,219323.0
271,Mamadou_Sakho,67303.0
272,Mame Biram_Diouf,0.0
273,Manuel_Agudo Durán,0.0
274,Manuel_Lanzini,2371.0
275,Marcin_Wasilewski,0.0
276,Marcos_Rojo,5350.0
277,Marcus_Rashford,515309.0
278,Marc_Albrighton,58166.0
279,Marc_Muniesa,0.0
280,Marc_Pugh,32012.0
281,Marc_Wilson,0.0
282,Marko_Arnautović,973948.0
283,Marko_Grujic,0.0
284,Mark_Noble,23453.0
285,Marouane_Fellaini,28693.0
286,Marten_de Roon,0.0
287,Martin_Kelly,409020.0
288,Mason_Holgate,3574.0
289,Matej_Vydra,7173.0
290,Mathieu_Debuchy,0.0
291,Matteo_Darmian,20155.0
292,Matthew_Lowton,44551.0
293,Matthew_Pennington,0.0
294,Matt_Phillips,0.0
295,Matt_Targett,6036.0
296,Max_Gradel,0.0
297,Maya_Yoshida,77036.0
298,Memphis_Depay,0.0
299,Mesut_Özil,236460.0
300,Michael_Carrick,0.0
301,Michael_Dawson,0.0
302,Michael_Keane,117954.0
303,Michael_Kightly,0.0
304,Michail_Antonio,79349.0
305,Michel_Vorm,5427.0
306,Michy_Batshuayi,0.0
307,Miguel_Britos,4748.0
308,Mike_van der Hoorn,0.0
309,Modou_Barrow,0.0
310,Mohamed_Diamé,5156.0
311,Mohamed_Elneny,120790.0
312,Morgan_Schneiderlin,115922.0
313,Mousa_Dembélé,72326.0
314,N'Golo_Kanté,889970.0
315,Nabil_Bentaleb,0.0
316,Nacer_Chadli,0.0
317,Nacho_Monreal,44811.0
318,Nampalys_Mendy,0.0
319,Nathaniel_Clyne,26690.0
320,Nathan_Aké,158251.0
321,Nathan_Dyer,0.0
322,Nathan_Redmond,24948.0
323,Neil_Taylor,0.0
324,Nemanja_Matić,42537.0
325,Nick_Pope,23251.0
326,Nicolás_Otamendi,405078.0
327,Nordin_Amrabat,0.0
328,Odion_Ighalo,0.0
329,Olayinka Fredrick Oladotun_Ladapo,0.0
330,Ola_Aina,0.0
331,Oleksandr_Zinchenko,2425.0
332,Olivier_Giroud,188771.0
333,Oriol_Romeu,140250.0
334,Oscar_dos Santos Emboaba Junior,0.0
335,Oumar_Niasse,46205.0
336,Pablo_Zabaleta,177648.0
337,Pape_Souaré,6259.0
338,Papy_Djilobodji,0.0
339,Patrick_McNair,0.0
340,Patrick_van Aanholt,244166.0
341,Paulo_Gazzaniga,0.0
342,Paul_Pogba,354360.0
343,Paul_Robinson,0.0
344,Pedro_Obiang,63157.0
345,Pedro_Rodriguez,96685.0
346,Per_Mertesacker,0.0
347,Peter_Crouch,0.0
348,Petr_Čech,70767.0
349,Philippe_Coutinho,0.0
350,Phil_Bardsley,10336.0
351,Phil_Jagielka,100143.0
352,Phil_Jones,169200.0
353,Pierre-Emile_Højbjerg,23517.0
354,Ragnar_Klavan,7541.0
355,Raheem_Sterling,95478.0
356,Ramadan_Sobhi,15146.0
357,Ramiro_Funes Mori,0.0
358,Reece_Oxford,6834.0
359,Riyad_Mahrez,244252.0
360,Kenedy,115700.0
361,Roberto_Firmino,1687015.0
362,Robert_Huth,0.0
363,Robert_Snodgrass,8221.0
364,Rob_Holding,29752.0
365,Romelu_Lukaku,349932.0
366,Ron-Robert_Zieler,0.0
367,Ross_Barkley,22315.0
368,Ruben_Loftus-Cheek,55849.0
369,Ryan_Bertrand,349632.0
370,Ryan_Mason,0.0
371,Ryan_Shawcross,0.0
372,Sadio_Mané,758512.0
373,Saido_Berahino,0.0
374,Salomón_Rondón,73303.0
375,Samir_Nasri,0.0
376,Sam_Byram,3347.0
377,Sam_Clucas,0.0
378,Sam_Field,0.0
379,Sam_Vokes,53452.0
380,Santiago_Cazorla,0.0
381,Scott_Arfield,0.0
382,Scott_Dann,779.0
383,Séamus_Coleman,148392.0
384,Sebastian_Larsson,0.0
385,Sebastian_Prödl,9721.0
386,Sergio_Agüero,1452447.0
387,Sergio_Romero,3795.0
388,Shane_Long,90569.0
389,Shaun_Maloney,0.0
390,Shay_Given,0.0
391,Shinji_Okazaki,77976.0
392,Simon_Francis,22164.0
393,Simon_Mignolet,7587.0
394,Sofiane_Feghouli,0.0
395,Stephen_Ireland,0.0
396,Stephen_Kingsley,0.0
397,Stephen_Ward,120639.0
398,Steven_Davis,7799.0
399,Steve_Cook,59682.0
400,Steve_Mandanda,0.0
401,Stewart_Downing,0.0
402,Sullay_Kaikai,9165.0
403,Sung-yueng_Ki,12763.0
404,Theo_Walcott,93127.0
405,Thibaut_Courtois,78468.0
406,Timothy_Fosu-Mensah,37692.0
407,Toby_Alderweireld,159975.0
408,Tom_Carroll,0.0
409,Tom_Cleverley,494.0
410,Tom_Davies,11634.0
411,Tom_Heaton,6229.0
412,Tom_Huddlestone,0.0
413,Trent_Alexander-Arnold,787168.0
414,Troy_Deeney,52178.0
415,Tyrone_Mings,10308.0
416,Valon_Behrami,0.0
417,Victor_Moses,211948.0
418,Victor_Wanyama,2567.0
419,Viktor_Fischer,0.0
420,Vincent_Janssen,0.0
421,Vincent_Kompany,105138.0
422,Virgil_van Dijk,811455.0
423,Vito_Mannone,0.0
424,Víctor_Valdés,0.0
425,Wahbi_Khazri,0.0
426,Wayne_Hennessey,49531.0
427,Wayne_Rooney,0.0
428,Wayne_Routledge,0.0
429,Wes_Morgan,62679.0
430,Wilfried_Bony,0.0
431,Wilfried_Zaha,1424847.0
432,Willian,411692.0
433,Willy_Caballero,8785.0
434,Winston_Reid,1204.0
435,Xherdan_Shaqiri,360763.0
436,Yannick_Bolasie,16150.0
437,Yohan_Benalouane,53420.0
438,Yohan_Cabaye,0.0
439,Younes_Kaboul,10718.0
440,Zlatan_Ibrahimovic,0.0
441,Álvaro_Negredo,0.0
442,Adama_Traoré,34187.0
443,Adrian_Mariappa,11219.0
444,Aiden_O'Neill,0.0
445,Ainsley_Maitland-Niles,31526.0
446,Aleix_García Serrano,0.0
447,Alfie_Mawson,15496.0
448,Ashley_Fletcher,0.0
449,Ben_Hamer,124117.0
450,Bruno_Martins Indi,0.0
451,Claudio_Bravo,11627.0
452,Daniel_James,0.0
453,Daryl_Janmaat,24868.0
454,David_Luiz,160332.0
455,David_Marshall,0.0
456,Didier_Ndong,0.0
457,Dieumerci_Mbokani,0.0
458,Dominic_Calvert-Lewin,68885.0
459,Dominic_Solanke,17914.0
460,Edimilson_Fernandes,16169.0
461,Ezekiel_Fryers,0.0
462,Fabio Pereira_da Silva,0.0
463,Georges-Kévin_N'Koudou,997.0
464,George_Honeyman,0.0
465,Hal_Robson-Kanu,0.0
466,Islam_Slimani,0.0
467,Javier_Manquillo,8511.0
468,Jeff_Hendrick,9008.0
469,Jonathan_Benteke,0.0
470,Jonathan_Calleri,0.0
471,Julien_Ngoy,0.0
472,Kevin_Long,42014.0
473,Lee_Grant,0.0
474,Lucas_Pérez,11442.0
475,Luke_Dreher,0.0
476,Marcos_Alonso,727837.0
477,Markus_Henriksen,0.0
478,Mathieu_Flamini,0.0
479,Moussa_Sissoko,2814.0
480,Nathaniel_Chalobah,12307.0
481,Oliver_McBurnie,0.0
482,Oviemuno_Ejaria,0.0
483,Patrick_Bamford,0.0
484,Roberto_Pereyra,22304.0
485,Ryan_Fraser,57385.0
486,Sam_McQueen,64439.0
487,Shkodran_Mustafi,66040.0
488,Simone_Zaza,0.0
489,Sofiane_Boufal,462.0
490,Stefano_Okaka,1583.0
491,Steven_Defour,757.0
492,Steven_Pienaar,0.0
493,Victor_Anichebe,0.0
494,Will_Keane,0.0
495,Álvaro_Arbeloa,0.0
496,Ryan_Allsop,0.0
497,Ben_Woodburn,0.0
498,Josh_Sims,4891.0
499,Matthew_James,0.0
500,Andrew_Eleftheriou,0.0
501,Domingos_Quina,3648.0
502,Aaron_Wan-Bissaka,652304.0
503,Jonjoe_Kenny,11386.0
504,Declan_Rice,16061.0
505,Brandon_Mason,0.0
506,Michael_Folivi,0.0
507,Ademola_Lookman,12390.0
508,Evandro_Goebel,0.0
509,Gabriel_Jesus,121425.0
510,Joey_Barton,0.0
511,Rudy_Gestede,0.0
512,Wilfred_Ndidi,33600.0
513,Luciano_Narsingh,0.0
514,Martin_Olsson,0.0
515,Omar_Elabdellaoui,0.0
516,Andrea_Ranocchia,0.0
517,Joleon_Lescott,0.0
518,M'Baye_Niang,0.0
519,Mauro_Zárate,0.0
520,Thomas_Edwards,0.0
521,Alfred_N'Diaye,0.0
522,Ashley_Westwood,9023.0
523,Baily_Cargill,0.0
524,Jordan_Ayew,23777.0
525,Kamil_Grosicki,0.0
526,Luka_Milivojević,465750.0
527,Manolo_Gabbiadini,18085.0
528,Molla_Wagué,0.0
529,Robbie_Brady,1913.0
530,Daniel_Agyei,0.0
531,Martín_Cáceres,0.0
532,Harry_Wilson,0.0
533,Connor_Roberts,0.0
534,Axel_Tuanzebe,0.0
535,Damian Emiliano_Martinez,0.0
536,Dion_Pereira,0.0
537,James_Husband,0.0
538,Joel Dinis_Castro Pereira,0.0
539,Nathan_Holland,0.0
540,Angus_Gunn,12989.0
541,Scott_McTominay,39595.0
542,Demetri_Mitchell,0.0
543,Filip_Lesniak,0.0
544,Aaron_Ramsdale,0.0
545,Angel_Gomes,0.0
546,Joshua_Harrop,0.0
547,Matthew_Worthington,0.0
548,Sam_Surridge,0.0
549,Aaron_Mooy,192110.0
550,Ahmed El-Sayed_Hegazi,0.0
551,Aleksandar_Mitrović,294873.0
552,Alexandre_Lacazette,200168.0
553,Andreas_Christensen,61061.0
554,Anthony_Knockaert,23952.0
555,Antonio_Rüdiger,135804.0
556,Ayoze_Pérez,146474.0
557,Benjamin_Mendy,440329.0
558,Beram_Kayal,5338.0
559,Bernardo_Silva,312286.0
560,Brahim_Diaz,2951.0
561,Bruno,14542.0
562,Chancel_Mbemba,12652.0
563,Charlie_Taylor,11525.0
564,Charly_Musonda,0.0
565,Christian_Atsu,9385.0
566,Christopher_Schindler,164951.0
567,Chris_Löwe,8906.0
568,Ciaran_Clark,10582.0
569,Collin_Quaner,281907.0
570,Connor_Goldson,0.0
571,Dale_Stephens,549320.0
572,Danilo,53010.0
573,Danny_Williams,562.0
574,Davy_Klaassen,802.0
575,Davy_Pröpper,8887.0
576,Dean_Whitehead,0.0
577,Dwight_Gayle,10803.0
578,Ederson,796937.0
579,Elias_Kachunga,5521.0
580,Eric Maxim_Choupo-Moting,0.0
581,Fikayo_Tomori,0.0
582,Florian_Lejeune,1440.0
583,Kiko_Femenía,25857.0
584,Gaëtan_Bong,8038.0
585,Glenn_Murray,36707.0
586,Grant_Hanley,0.0
587,Isaac_Hayden,11288.0
588,Isaiah_Brown,0.0
589,Jacob_Murphy,2929.0
590,Jairo_Riedewald,4442.0
591,Jamaal_Lascelles,423390.0
592,Jamie_Murphy,0.0
593,Jan_Bednarek,264706.0
594,Javier_Hernández,118570.0
595,Jesús_Gámez Duarte,0.0
596,Joel_Coleman,0.0
597,Joe_Lolley,0.0
598,Jon_Gorenc Stanković,0.0
599,Jonas_Lössl,100431.0
600,Jonathan_Hogg,14503.0
601,Jonjo_Shelvey,51885.0
602,Karl_Darlow,4954.0
603,Kasey_Palmer,0.0
604,Kyle_Bartley,0.0
605,Kyle_Walker-Peters,22811.0
606,Laurent_Depoitre,67727.0
607,Lewis_Dunk,152747.0
608,Liam_Rosenior,0.0
609,Mario_Lemina,9971.0
610,Markus_Suttner,413157.0
611,Martin_Cranie,0.0
612,Massadio_Haidara,0.0
613,Mathew_Ryan,257273.0
614,Mathias_Jørgensen,479775.0
615,Matty_James,1207.0
616,Matt_Ritchie,46207.0
617,Michael_Hefele,0.0
618,Mikel_Merino,97.0
619,Mohamed_Salah,2478960.0
620,Nahki_Wells,101406.0
621,Oliver_Norwood,0.0
622,Pascal_Groß,364302.0
623,Paul_Dummett,9349.0
624,Philip_Billing,5761.0
625,Phil_Foden,14777.0
626,Rajiv_van La Parra,3926.0
627,Reiss_Nelson,33287.0
628,Richarlison,872082.0
629,Robert_Elliot,16575.0
630,Rolando_Aarons,0.0
631,Roque_Mesa,0.0
632,Sam_Baldock,21608.0
633,Sandro_Ramírez,11104.0
634,Scott_Malone,249139.0
635,Sead_Kolašinac,32166.0
636,Shane_Duffy,153522.0
637,Solly_March,3712.0
638,Steve_Mounié,11803.0
639,Tammy_Abraham,7919.0
640,Tiemoué_Bakayoko,14331.0
641,Tomer_Hemed,11200.0
642,Tommy_Smith,5090.0
643,Tom_Ince,1025.0
644,Uwe_Hünemeier,0.0
645,Vicente_Iborra,3960.0
646,Victor_Lindelöf,56146.0
647,Will_Hughes,25044.0
648,Álvaro_Morata,151388.0
649,Abdelhamid_Sabiri,3471.0
650,Aleksandar_Dragovic,0.0
651,André_Carrillo,0.0
652,Beni_Baningime,2914.0
653,Chris_Wood,24309.0
654,Danny_Ward,15437.0
655,Davide_Zappacosta,14783.0
656,Davinson_Sánchez,122431.0
657,Eddie_Nketiah,0.0
658,Ethan_Ampadu,3328.0
659,Ezequiel_Schelotto,118425.0
660,Florent_Hadergjonaj,4294.0
661,Grzegorz_Krychowiak,0.0
662,Henri_Saivet,0.0
663,Jesé_Rodríguez Ruiz,0.0
664,José_Izquierdo,11081.0
665,Juan_Foyth,0.0
666,Levi_Lumeka,0.0
667,Marvin_Zeegelaar,5698.0
668,Nikola_Vlasic,1737.0
669,Oliver_Burke,0.0
670,Orestis_Karnezis,0.0
671,Renato_Sanches,0.0
672,Serge_Aurier,49004.0
673,Tim_Krul,0.0
674,Wesley_Hoedt,19002.0
675,Jack_Simpson,257252.0
676,Hamza_Choudhury,5517.0
677,Ben_Johnson,0.0
678,Callum_Hudson-Odoi,119739.0
679,Adrien_Silva,10282.0
680,Cenk_Tosun,302582.0
681,Konstantinos_Mavropanos,10713.0
682,Moritz_Bauer,0.0
683,Terence_Kongolo,12335.0
684,Fousseni_Diabaté,3158.0
685,Konstantinos_Stafylidis,0.0
686,Michael_Obafemi,0.0
687,Aymeric_Laporte,55175.0
688,Guido_Carrillo,196.0
689,João Mário_Naval Costa Eduardo,0.0
690,Jürgen_Locadia,5404.0
691,Alexander_Sørloth,14555.0
692,Dodi_Lukebakio,0.0
693,Emerson_Palmieri,9242.0
694,Jordan_Hugill,1133.0
695,Lucas_Moura,108496.0
696,Martin_Dúbravka,18497.0
697,Papa Alioune_Ndiaye,0.0
698,Pierre-Emerick_Aubameyang,924935.0
699,Lukas_Nmecha,0.0
700,Patrice_Evra,0.0
701,Tyrese_Campbell,0.0
702,Joe_Willock,0.0
703,Grady_Diangana,0.0
704,Lasse_Sorenson,0.0
705,Curtis_Jones,0.0
706,Rafael_Camacho,0.0
707,Harvey_Barnes,0.0
708,Dwight_McNeil,0.0
709,Aboubakar_Kamara,499362.0
710,Adama_Diakhaby,2723.0
711,Adam_Masina,5629.0
712,Alireza_Jahanbakhsh,76058.0
713,Alisson,629624.0
714,Andriy_Yarmolenko,48425.0
715,André_Gomes,17237.0
716,André-Frank_Zambo Anguissa,6826.0
717,André_Schürrle,316359.0
718,Aron_Gunnarsson,66660.0
719,Jazz_Richards,47860.0
720,Bernardo,10711.0
721,Bernard,20094.0
722,Bernd_Leno,110646.0
723,Bobby_Reid,33401.0
724,Léo_Bonatini,46942.0
725,Bruno_Ecuele Manga,5192.0
726,Callum_Paterson,8529.0
727,Carlos_Sánchez,15025.0
728,Conor_Coady,30913.0
729,Cyrus_Christie,14289.0
730,Junior_Hoilett,20590.0
731,David_Brooks,3963.0
732,David_Button,85325.0
733,David_De Gea,1357478.0
734,Denis_Odoi,12353.0
735,Diego_Rico,1514.0
736,Diogo_Jota,314441.0
737,Erik_Durm,13149.0
738,Fabian_Schär,17090.0
739,Fabinho,51015.0
740,Fabián_Balbuena,16348.0
741,Felipe_Anderson,183158.0
742,Florin_Andone,4566.0
743,Floyd_Ayité,8882.0
744,Fred,232569.0
745,Gary_Madine,51829.0
746,Greg_Cunningham,4968.0
747,Hélder_Costa,40560.0
748,Ibrahima_Cissé,0.0
749,Isaac_Mbenza,904.0
750,Isaac_Success Ajayi,0.0
751,Issa_Diop,46623.0
752,Ivan_Cavaleiro,7490.0
753,James_Maddison,32765.0
754,Jannik_Vestergaard,29273.0
755,Jean_Seri,95248.0
756,Jefferson_Lerma,15473.0
757,Joe_Bennett,8863.0
758,Joe_Bryan,8061.0
759,Joe_Ralls,17494.0
760,John_Ruddy,24845.0
761,Jonny_Castro,29970.0
762,Jorginho,396333.0
763,Josh_Murphy,14017.0
764,Diogo_Dalot,2241.0
765,João_Moutinho,87926.0
766,Juninho_Bacuna,7863.0
767,Kenneth_Zohore,36149.0
768,Ken_Sema,5736.0
769,Kepa_Arrizabalaga,120895.0
770,Kevin_McDonald,20352.0
771,Kortney_Hause,0.0
772,Leander_Dendoncker,23562.0
773,Lee_Peltier,196285.0
774,Leon_Balogun,7897.0
775,Loïc_Damour,3308.0
776,Lucas_Digne,141155.0
777,Lucas_Torreira,90529.0
778,Luciano_Vietto,21756.0
779,Marcus_Bettinelli,14241.0
780,Marc_Navarro,5864.0
781,Martín_Montoya,8245.0
782,Mateo_Kovačić,56369.0
783,Mattéo_Guendouzi,53733.0
784,Matt_Doherty,59443.0
785,Maxime_Le Marchand,16146.0
786,Max_Meyer,41672.0
787,Mohamed_Elyounoussi,23886.0
788,Morgan_Gibbs-White,20765.0
789,Naby_Keïta,232708.0
790,Nathaniel_Mendez-Laing,3604.0
791,Neeskens_Kebano,5634.0
792,Neil_Etheridge,12072.0
793,Rachid_Ghezzal,9921.0
794,Raúl_Jiménez,129989.0
795,Ricardo_Pereira,58068.0
796,Romain_Saïss,13736.0
797,Rui_Patrício,301531.0
798,Ryan_Bennett,234162.0
799,Ryan_Fredericks,32501.0
800,Ryan_Sessegnon,472564.0
801,Rúben_Neves,633569.0
802,Rúben_Vinagre,7145.0
803,Sean_Morrison,31111.0
804,Sergio_Rico,11256.0
805,Sokratis_Papastathopoulos,122791.0
806,Sol_Bamba,39138.0
807,Stefan_Johansen,8305.0
808,Stephan_Lichtsteiner,112156.0
809,Stuart_Armstrong,13490.0
810,Tim_Ream,22808.0
811,Tom_Cairney,153810.0
812,Vicente_Guaita,12383.0
813,Víctor_Camarasa,2384.0
814,Willy_Boly,94567.0
815,Will_Norris,117293.0
816,Yerry_Mina,102500.0
817,Yoshinori_Mutō,7032.0
818,Yves_Bissouma,2595.0
819,Ben_Wilmot,0.0
820,Emiliano_Martínez,0.0
821,Kadeem_Harris,0.0
822,Oliver_Skipp,0.0
823,Sean_Longstaff,0.0
824,Yan_Valery,0.0
825,Xande_Silva,0.0
826,Tyreke_Johnson,0.0
827,Bukayo_Saka,0.0
828,Kayne_Ramsay,0.0
829,Max_Kilman,0.0
830,Callum_Slattery,0.0
831,Rhys_Healey,0.0
832,Sam_Gallagher,0.0
833,Ryan_Babel,0.0
834,Chris_Mepham,0.0
835,Dan_Burn,0.0
836,Gonzalo_Higuaín,0.0
837,Antonio_Barreca,0.0
838,Denis_Suárez,0.0
839,Karlan_Grant,0.0
840,Leandro_Bacuna,0.0
841,Miguel_Almirón,0.0
842,Youri_Tielemans,0.0
843,Caglar_Soyuncu,0.0
844,Demeaco_Duhaney,0.0
845,James_Garner,0.0
846,Tahith_Chong,0.0
847,Matty_Daly,0.0
848,Aaron_Rowe,0.0
849,Mason_Greenwood,0.0
850,Harvey_Elliott,0.0
851,Mark_Travers,0.0
852,Adam_Webster,0.0
853,Ahmed_El Mohamady,0.0
854,Albian_Ajeti,0.0
855,Alexander_Tettey,0.0
856,Allan_Saint-Maximin,0.0
857,Anwar_El Ghazi,0.0
858,Arnaut_Danjuma Groeneveld,0.0
859,Ben_Godfrey,0.0
860,Ben_Osborn,0.0
861,Billy_Sharp,0.0
862,Bjorn_Engels,0.0
863,Callum_Robinson,0.0
864,Che_Adams,0.0
865,Christian_Pulisic,0.0
866,Christoph_Zimmermann,0.0
867,Chris_Basham,0.0
868,Conor_Hourihane,0.0
869,Daniel_Ceballos Fernández,0.0
870,David_McGoldrick,0.0
871,Dean_Henderson,0.0
872,Dennis_Praet,0.0
873,Dennis_Srbeny,0.0
874,Djibril_Sidibé,0.0
875,Douglas Luiz_Soares de Paulo,0.0
876,Emi_Buendía,0.0
877,Emil_Krafth,0.0
878,Enda_Stevens,0.0
879,Ezri_Konsa Ngoyo,0.0
880,Frédéric_Guilbert,0.0
881,Gabriel Teodoro_Martinelli Silva,0.0
882,George_Baldock,0.0
883,Giovani_Lo Celso,0.0
884,Henri_Lansbury,0.0
885,Ibrahim_Amadou,0.0
886,Ismaïla_Sarr,0.0
887,Jack_Grealish,0.0
888,Jack_O'Connell,0.0
889,Jack_Stacey,0.0
890,Jamal_Lewis,0.0
891,James_Justin,0.0
892,Jed_Steer,0.0
893,Jesús_Vallejo,0.0
894,Jetro_Willems,0.0
895,Joelinton Cássio_Apolinário de Lira,0.0
896,John_Egan,0.0
897,John_Fleck,0.0
898,John_Lundstram,0.0
899,John_McGinn,0.0
900,Jonathan_Kodjia,0.0
901,Josip_Drmic,0.0
902,José Ignacio_Peleteiro Romallo,0.0
903,José Ángel_Esmorís Tasende,0.0
904,João_Cancelo,0.0
905,Keinan_Davis,0.0
906,Kenny_McLean,0.0
907,Kieran_Tierney,0.0
908,Kieron_Freeman,0.0
909,Leandro_Trossard,0.0
910,Lloyd_Kelly,0.0
911,Luke_Freeman,0.0
912,Trézéguet,0.0
913,Marco_Stiepermann,0.0
914,Mario_Vrančić,0.0
915,Marvelous_Nakamba,0.0
916,Mason_Mount,0.0
917,Max_Aarons,0.0
918,Michael_McGovern,0.0
919,Moise_Kean,0.0
920,Moritz_Leitner,0.0
921,Moussa_Djenepo,0.0
922,Muhamed_Bešić,0.0
923,Neal_Maupay,0.0
924,Nicolas_Pépé,0.0
925,Onel_Hernández,0.0
926,Pablo_Fornals,0.0
927,Patrick_Cutrone,0.0
928,Patrick_Roberts,0.0
929,Pedro_Lomba Neto,0.0
930,Ralf_Fahrmann,0.0
931,Reece_James,0.0
932,Roberto_Jimenez Gago,0.0
933,Rodrigo_Hernandez,0.0
934,Simon_Moore,0.0
935,Sébastien_Haller,0.0
936,Tanguy_Ndombele,0.0
937,Teemu_Pukki,0.0
938,Timm_Klose,0.0
939,Todd_Cantwell,0.0
940,Tom_Trybull,0.0
941,Troy_Parrott,0.0
942,Wesley_Moraes,0.0
943,Ørjan_Nyland,0.0
944,Kevin_Danso,0.0
945,Aaron_Connolly,0.0
946,Billy_Gilmour,0.0
947,Adam_Idah,0.0
948,Dimitri_Foulquier,0.0
949,Matthew_Longstaff,0.0
950,Steven_Alzate,0.0
951,Eric_Garcia,0.0
952,Brandon_Williams,0.0
953,Leon_Clarke,0.0
954,David_Martin,0.0
955,Anthony_Gordon,0.0
956,Neco_Williams,0.0
957,Emile_Smith Rowe,0.0
958,Brandon_Pierrick,0.0
959,Japhet_Tanganga,0.0
960,Tariq_Lamptey,0.0
961,William_Smallbone,0.0
962,Jeremy_Ngakia,0.0
963,Takumi_Minamino,0.0
964,Indiana_Vassilev,0.0
965,Gedson_Carvalho Fernandes,0.0
966,Lukas_Rupp,0.0
967,José_Reina,0.0
968,Ignacio_Pussetto,0.0
969,Ondrej_Duda,0.0
970,Bruno Miguel_Borges Fernandes,0.0
971,Daniel_Castelo Podence,0.0
972,Jack_Robinson,0.0
973,Josh_Brownhill,0.0
974,Mbwana_Samatta,0.0
975,Pablo_Marí,0.0
976,Richairo_Zivkovic,0.0
977,Sander_Berge,0.0
978,Steven_Bergwijn,0.0
979,Tomas_Soucek,0.0
980,Valentino_Lazaro,0.0
981,Borja_González Tomás,0.0
982,Alexis_Mac Allister,0.0
983,Armando_Broja,0.0
984,Faustino_Anjorin,0.0
985,Josh_Martin,0.0
986,Max_Thompson,0.0
987,Nathan_Tella,0.0
